imageId,Center X,Center Y,Yaw,Width,Height
000.jpg,0.385,0.185,0.00555556,0.11033,0.27902
001.jpg,0.385,0.24,0.00555556,0.11033,0.27902
002.jpg,0.38,0.295,0.00555556,0.11033,0.27902
003.jpg,0.3775,0.335,0.00555556,0.11033,0.27902
004.jpg,0.3775,0.3525,0.00555556,0.11033,0.27902
005.jpg,0.38,0.3775,0.00555556,0.11033,0.27902
